{"cameraMode":{"drawMode":0,"name":"Shaded","section":"Shading Mode"},"sceneLighting":true,"audioPlay":false,"sceneViewState":{"showFog":true,"showMaterialUpdate":false,"showSkybox":true,"showFlares":true,"showImageEffects":true,"showParticleSystems":true},"in2DMode":false,"pivot":{"x":-0.08104708790779114,"y":0.8666973114013672,"z":0.1309879571199417},"rotation":{"x":0.026516372337937356,"y":0.9731005430221558,"z":-0.17707164585590363,"w":0.14555205404758454},"size":2.575751543045044,"orthographic":false}