{"cameraMode":{"drawMode":0,"name":"Shaded","section":"Shading Mode"},"sceneLighting":true,"audioPlay":false,"sceneViewState":{"showFog":true,"showMaterialUpdate":false,"showSkybox":true,"showFlares":true,"showImageEffects":true,"showParticleSystems":true},"in2DMode":false,"pivot":{"x":0.22976958751678468,"y":0.8084259033203125,"z":0.7149560451507568},"rotation":{"x":0.13659927248954774,"y":0.8369424939155579,"z":-0.24247168004512788,"w":0.4714253842830658},"size":2.2757515907287599,"orthographic":false}