{"cameraMode":{"drawMode":0,"name":"Shaded","section":"Shading Mode"},"sceneLighting":true,"audioPlay":false,"sceneViewState":{"showFog":true,"showMaterialUpdate":false,"showSkybox":true,"showFlares":true,"showImageEffects":true,"showParticleSystems":true},"in2DMode":false,"pivot":{"x":0.0,"y":-8.195638656616211e-8,"z":1.4901161193847657e-8},"rotation":{"x":-0.18170569837093354,"y":-0.022523527964949609,"z":0.003437745152041316,"w":-0.9833678007125855},"size":1.3333992958068848,"orthographic":false}